<?xml version="1.0"?>
<data grt_format="2.0">
  <value _ptr_="00000247ECE0CA80" type="list" content-type="object" content-struct-name="db.mgmt.Connection">
    <value type="object" struct-name="db.mgmt.Connection" id="{C9B5ACAA-0D50-410B-89B3-D468EA23F71D}" struct-checksum="0x96ba47d8">
      <link type="object" struct-name="db.mgmt.Driver" key="driver">com.mysql.rdbms.mysql.driver.native</link>
      <value type="string" key="hostIdentifier">Mysql@localhost:3306</value>
      <value type="int" key="isDefault">1</value>
      <value _ptr_="00000247F38939A0" type="dict" key="modules"/>
      <value _ptr_="00000247F3893EE0" type="dict" key="parameterValues">
        <value type="string" key="DbSqlEditor:LastDefaultSchema">wktechnology</value>
        <value type="string" key="SQL_MODE"></value>
        <value type="string" key="hostName">localhost</value>
        <value type="int" key="lastConnected">1730148469</value>
        <value type="string" key="password"></value>
        <value type="int" key="port">3306</value>
        <value type="string" key="schema"></value>
        <value type="string" key="serverVersion">8.0.40</value>
        <value type="string" key="sslCA"></value>
        <value type="string" key="sslCert"></value>
        <value type="string" key="sslCipher"></value>
        <value type="string" key="sslKey"></value>
        <value type="int" key="useSSL">1</value>
        <value type="string" key="userName">root</value>
      </value>
      <value type="string" key="name">MySQL</value>
      <link type="object" struct-name="GrtObject" key="owner">{7C9C064D-BA2C-4E2E-BB2D-65D030348189}</link>
    </value>
  </value>
</data>
