<?xml version="1.0"?>
<data grt_format="2.0">
  <value _ptr_="00000247ECE0C2A0" type="list" content-type="object" content-struct-name="db.mgmt.ServerInstance">
    <value type="object" struct-name="db.mgmt.ServerInstance" id="{F10F1D36-DFC1-483E-8FBC-31C8056F4202}" struct-checksum="0x367436e2">
      <link type="object" struct-name="db.mgmt.Connection" key="connection">{C9B5ACAA-0D50-410B-89B3-D468EA23F71D}</link>
      <value _ptr_="00000247F38953E0" type="dict" key="loginInfo">
        <value type="string" key="wmi.hostName"></value>
        <value type="string" key="wmi.userName"></value>
      </value>
      <value _ptr_="00000247F38948A0" type="dict" key="serverInfo">
        <value type="string" key="serverVersion">8.0.40</value>
        <value type="int" key="setupPending">0</value>
        <value type="string" key="sys.config.path">C:\ProgramData\MySQL\MySQL Server 8.0\my.ini</value>
        <value type="int" key="sys.config.path.lock">1</value>
        <value type="string" key="sys.config.section">mysql</value>
        <value type="string" key="sys.mysqld.service_name">MySQL</value>
        <value type="string" key="sys.preset"></value>
        <value type="string" key="sys.sudo"></value>
        <value type="string" key="sys.system">Windows</value>
        <value type="int" key="sys.usesudo">0</value>
        <value type="int" key="sys.usesudostatus">0</value>
        <value type="int" key="windowsAdmin">1</value>
      </value>
      <value type="string" key="name">MySQL</value>
    </value>
  </value>
</data>
